<?xml version="1.0" encoding="UTF-8"?>
<!DOCTYPE fontscolors PUBLIC "-//NetBeans//DTD Editor Fonts and Colors settings 1.1//EN" "http://www.netbeans.org/dtds/EditorFontsColors-1_1.dtd">
<fontscolors>
    <fontcolor bgColor="ff364135" name="mark-occurrences"/>
    <fontcolor name="identifier"/>
    <fontcolor default="field" foreColor="ffbababa" name="markup-attribute"/>
    <fontcolor default="identifier" name="method"/>
    <fontcolor foreColor="ff6a8759" name="string"/>
    <fontcolor default="keyword" foreColor="ffe8bf6a" name="markup-element"/>
    <fontcolor default="string" foreColor="ffa5c261" name="markup-attribute-value"/>
    <fontcolor name="error" waveUnderlined="ff9e2927"/>
    <fontcolor default="default" name="entity-reference"/>
    <fontcolor foreColor="ffa9b7c6" name="separator"/>
    <fontcolor foreColor="ffa9b7c6" name="operator"/>
    <fontcolor foreColor="ff287bde" name="url" underline="ff287bde"/>
    <fontcolor foreColor="fff773da" name="number"/>
    <fontcolor bgColor="ff2b2b2b" foreColor="ffdbe9ff" name="default"/>
    <fontcolor default="identifier" foreColor="ff62b1fe" name="field"/>
    <fontcolor foreColor="ff6a8759" name="char"/>
    <fontcolor bgColor="ff52503a" name="warning" waveUnderlined="ff52503a"/>
    <fontcolor foreColor="gray" name="comment"/>
    <fontcolor foreColor="ffcc7832" name="keyword"/>
    <fontcolor foreColor="ff505050" name="whitespace"/>
</fontscolors>
