<?xml version="1.0" encoding="UTF-8"?>
<!DOCTYPE fontscolors PUBLIC "-//NetBeans//DTD Editor Fonts and Colors settings 1.1//EN" "http://www.netbeans.org/dtds/EditorFontsColors-1_1.dtd">
<fontscolors>
    <fontcolor bgColor="fffc9d9f" name="debugger-mixed_BP"/>
    <fontcolor bgColor="ffdcdcd8" name="OtherThreads_DBP"/>
    <fontcolor bgColor="ffbde6aa" name="OtherThread_PC"/>
    <fontcolor bgColor="ffbde6aa" name="debugger-PC_CBP_stroke"/>
    <fontcolor name="jshint-annotation" waveUnderlined="ffe1aa00"/>
    <fontcolor bgColor="ffe9ffe6" name="CurrentExpressionLine_CBP"/>
    <fontcolor bgColor="ffbde6aa" name="debugger-PC_CBP"/>
    <fontcolor bgColor="ffdcdcd8" name="DisabledBreakpoint"/>
    <fontcolor foreColor="ffa8c023" name="org-netbeans-spi-editor-hints-parser_annotation_todo_fixable"/>
    <fontcolor name="OtherThreads"/>
    <fontcolor name="org-netbeans-spi-editor-hints-parser_annotation_warn"/>
    <fontcolor name="org-netbeans-spi-editor-hints-parser_annotation_warn_fixable"/>
    <fontcolor name="org-netbeans-modules-mercurial-Annotation"/>
    <fontcolor name="org-netbeans-spi-editor-hints-parser_annotation_err_fixable"/>
    <fontcolor name="org-netbeans-modules-versioning-annotate-Annotation"/>
    <fontcolor name="org-netbeans-spi-editor-hints-parser_annotation_verifier"/>
    <fontcolor bgColor="ffdcdcd8" name="debugger-mixed_BP_broken"/>
    <fontcolor name="org-netbeans-spi-editor-hints-parser_annotation_hint"/>
    <fontcolor name="org-netbeans-modules-subversion-Annotation"/>
    <fontcolor name="org-netbeans-modules-editor-annotations-has_implementations"/>
    <fontcolor name="org-netbeans-modules-editor-annotations-implements"/>
    <fontcolor bgColor="ffdcdcd8" name="CondBreakpoint_stroke"/>
    <fontcolor bgColor="fffc9d9f" name="CondBreakpoint"/>
    <fontcolor bgColor="ffbde6aa" name="OtherThreads_BP_broken"/>
    <fontcolor bgColor="ffbde6aa" name="CurrentPC"/>
    <fontcolor name="org-netbeans-modules-editor-annotations-override-is-overridden-combined"/>
    <fontcolor bgColor="fffc9d9f" name="OtherThreads_BP"/>
    <fontcolor bgColor="ffbde6aa" name="debugger-PC_multi_DBPCBP"/>
    <fontcolor bgColor="fffc9d9f" name="OtherThread_BP"/>
    <fontcolor name="org-netbeans-modules-editor-annotations-is_overridden"/>
    <fontcolor bgColor="fffc9d9f" name="debugger-multi_BPCBP"/>
    <fontcolor bgColor="ffbde6aa" name="debugger-PC_DCBP_stroke"/>
    <fontcolor name="PHPError" waveUnderlined="red"/>
    <fontcolor bgColor="ffe9ffe6" name="CurrentExpressionLine_DCBP"/>
    <fontcolor bgColor="ffe9ffe6" name="CurrentExpressionLine_BP"/>
    <fontcolor name="org-netbeans-modules-git-Annotation"/>
    <fontcolor bgColor="ffbde6aa" name="debugger-PC_multi_BPCBP"/>
    <fontcolor name="org-netbeans-spi-editor-hints-parser_annotation_hint_fixable"/>
    <fontcolor bgColor="ffdcdcd8" name="DisabledBreakpoint_stroke"/>
    <fontcolor bgColor="ffbde6aa" name="debugger-PC_CBP_broken"/>
    <fontcolor bgColor="ffe9ffe6" name="CurrentExpressionLine_DBP"/>
    <fontcolor bgColor="ffbde6aa" name="debugger-PC_multi_BPCBP_broken"/>
    <fontcolor name="PHPNotice" waveUnderlined="ffc0c000"/>
    <fontcolor bgColor="ffbde6aa" name="debugger-PC_mixedBP_broken"/>
    <fontcolor name="editor-bookmark"/>
    <fontcolor name="org-netbeans-modules-editor-annotations-overrides"/>
    <fontcolor bgColor="ffbde6aa" name="debugger-PC_DBP"/>
    <fontcolor bgColor="ffdcdcd8" name="DisabledCondBreakpoint"/>
    <fontcolor name="OtherThread"/>
    <fontcolor foreColor="ffa8c023" name="org-netbeans-spi-editor-hints-parser_annotation_todo"/>
    <fontcolor bgColor="ffbde6aa" name="debugger-PC_DCBP"/>
    <fontcolor bgColor="ffbde6aa" name="debugger-PC_mixedBP"/>
    <fontcolor name="org-netbeans-spi-editor-hints-parser_annotation_verifier_fixable"/>
    <fontcolor name="org-netbeans-spi-editor-hints-parser_annotation_err"/>
    <fontcolor bgColor="ffdcdcd8" name="debugger-multi_DBPCBP"/>
    <fontcolor bgColor="ffdcdcd8" name="CondBreakpoint_broken"/>
    <fontcolor name="org-netbeans-modules-editor-annotations-implements-has-implementations-combined"/>
    <fontcolor bgColor="ffd1ffbc" name="CurrentExpression"/>
    <fontcolor bgColor="fffc9d9f" name="Breakpoint"/>
    <fontcolor name="org-netbeans-modules-editor-annotations-implements-is-overridden-combined"/>
    <fontcolor bgColor="ffbde6aa" name="debugger-PC_BP_stroke"/>
    <fontcolor bgColor="ffffa0a0" name="org-netbeans-modules-xml-error"/>
    <fontcolor bgColor="ffe7e1ef" name="CallSite"/>
    <fontcolor bgColor="ffbde6aa" name="debugger-PC_BP_broken"/>
    <fontcolor name="PHPWarning" waveUnderlined="ffc0c000"/>
    <fontcolor bgColor="ffbde6aa" name="debugger-PC_DBP_stroke"/>
    <fontcolor bgColor="ffdcdcd8" name="debugger-multi_BPCBP_broken"/>
    <fontcolor bgColor="ffdcdcd8" name="DisabledCondBreakpoint_stroke"/>
    <fontcolor bgColor="ffbde6aa" name="debugger-PC_BP"/>
    <fontcolor bgColor="ffdcdcd8" name="Breakpoint_stroke"/>
    <fontcolor bgColor="ffbde6aa" name="OtherThreads_PC_BP"/>
    <fontcolor bgColor="ffbde6aa" name="OtherThread_BP_broken"/>
    <fontcolor bgColor="ffdcdcd8" name="Breakpoint_broken"/>
    <fontcolor bgColor="ffbde6aa" name="OtherThread_PC_BP"/>
    <fontcolor bgColor="ffe9ffe6" name="CurrentExpressionLine"/>
    <fontcolor bgColor="ffdcdcd8" name="OtherThread_DBP"/>
</fontscolors>
